{
    "name": "JsonGit",
    "properties": {
        "linkedServiceName": {
            "referenceName": "storagedatalake",
            "type": "LinkedServiceReference"
        },
        "annotations": [],
        "type": "Json",
        "typeProperties": {
            "location": {
                "type": "AzureBlobFSLocation",
                "fileName": "git.json",
                "fileSystem": "parametres"
            }
        },
        "schema": {
            "type": "object",
            "properties": {
                "p_rel_url": {
                    "type": "string"
                },
                "p_sink_folder": {
                    "type": "string"
                },
                "p_sink_file": {
                    "type": "string"
                }
            }
        }
    }
}