{
    "now": "2025-08-20T22:34:06.010Z",
    "perfNow": 13833381.799999982,
    "diagnosticCorrelation": "7f7523e1-1e44-4ac8-bb5c-faa378c074a1",
    "source": "DownloadSupportFiles",
    "environment": {
        "productName": "adf",
        "buildVersion": "1.0.082025.2",
        "environmentType": 3,
        "resourceName": "firstdatafactorybytalha",
        "resourceRegion": "eastus",
        "resourceGroup": "firstproject",
        "subscriptionId": "2c53ec62-c914-44cb-8651-b4438cf80995",
        "sessionId": "Ew2zei4IXEmRXgHez64d08",
        "operationId": "",
        "gitType": "live",
        "loggingKey": "5f80f69b-0adf-4d2d-b9fe-9885f1820d11"
    },
    "additionalInfo": {
        "selectedResource": "DynamicRawData",
        "selectedResourceType": "pipeline"
    }
}